id,date,user,pc,activity
{L8M7-V7ET84OU-4794LATU},01/04/2010 19:08:00,SDM2550,PC-5977,Logoff
{I1M0-I6YQ02HN-7963OAAF},01/04/2010 07:23:00,RRM2175,PC-7962,Logon
{K0P9-Q1FI20TG-6581TSIY},01/04/2010 17:15:00,XKL1317,PC-4861,Logoff
{G7P1-D8LF88GO-4640ZCRM},01/04/2010 00:25:20,WSA1765,PC-4574,Logoff
{K7K8-Y6MG89ZI-0306HTNR},01/05/2010 08:06:00,GJD1141,PC-7926,Logon
{R2L8-H4BF99FW-4716PUCP},01/05/2010 07:25:00,EBS2201,PC-4723,Logon
{O3M7-U7WY23UZ-7199FNBO},01/04/2010 21:16:40,GVC0049,PC-7658,Logon
{W4V9-I8MT43QQ-5801PZZC},01/04/2010 07:47:00,ESS3318,PC-2607,Logon
{W1R0-D5UI12BA-7266KJJO},01/05/2010 18:00:00,JLL1204,PC-1114,Logoff
{P1R5-O1BC18FC-0533RSIR},01/04/2010 16:56:00,AKC1929,PC-3193,Logoff
{W8M4-W4OA89HS-0665LUBA},01/04/2010 07:54:00,VLF1113,PC-2043,Logon
{N2E9-K1PG28FY-4968AFCX},01/04/2010 16:44:00,CNT1188,PC-1850,Logoff
{G0V2-W8ZQ57MI-4458THIJ},01/05/2010 13:13:10,FSP0703,PC-7998,Logon
{N1J5-S1XW91ZT-0170DCPG},01/05/2010 12:56:02,BJC3423,PC-7585,Logon
{D0N7-X3BO06VN-6217KNBB},01/05/2010 07:46:00,AJQ0809,PC-2245,Logon
{Q7F7-F0IE77DF-6910VUQH},01/04/2010 08:54:00,BRM0843,PC-0739,Logon
{P3B3-I0WO47ZI-3891CKDI},01/05/2010 17:49:00,DBG3727,PC-6053,Logoff
{U9O0-W2OR98GZ-4823YSIN},01/05/2010 14:07:00,JWW2765,PC-1600,Logoff
{V1D9-Q2IY41ES-2859IMRH},01/04/2010 16:54:00,XFF1302,PC-6902,Logoff
{D8Y5-O6AX64KQ-4380BMNT},01/02/2010 13:35:49,GNB3337,PC-3457,Logon
{B1Z3-V5HV39RQ-1511EMFO},01/04/2010 18:19:00,AUI2464,PC-5170,Logoff
{E3K1-M0WN35PJ-4677WQHF},01/04/2010 16:15:00,JAM2248,PC-9944,Logoff
{W2O0-K3QA27WC-4622ZOMQ},01/05/2010 17:27:00,VWV1249,PC-4585,Logoff
{U9T2-U5IO12HD-9700SHBR},01/05/2010 16:08:00,BAB2968,PC-3579,Logoff
{G2T1-H5CG01EZ-6357RMPH},01/04/2010 17:44:00,ABB0167,PC-6896,Logoff
{Z1G6-E0NC61JD-2011HDZZ},01/05/2010 13:11:39,MKR1339,PC-4814,Logon
{P6S6-Q4CA71YE-4572ZEKA},01/05/2010 12:25:19,JVC2443,PC-4131,Logon
{A5M8-Q3YB61DU-3310WGNT},01/04/2010 18:30:00,CCM3075,PC-3917,Logoff
{L4X7-L8PZ63RU-6711YCYZ},01/05/2010 17:28:00,RAW3461,PC-4664,Logoff
{V1T7-B3ND72UO-6125RKWH},01/04/2010 07:56:00,TLC1147,PC-7504,Logon
{A1L5-U9KY57DS-1089IIKB},01/04/2010 08:00:00,SAB3286,PC-7219,Logon
{R4D5-I1TC75GQ-8353FUES},01/05/2010 16:27:00,YSG1195,PC-3028,Logoff
{S9F7-C4FK42GM-5341HEDU},01/05/2010 13:44:10,BJE0351,PC-0037,Logon
{W7H4-D2QH84BL-9422ERPM},01/05/2010 07:46:00,RJO1791,PC-0869,Logon
{R6Y3-C7LY75VU-9404ZNBD},01/05/2010 06:16:29,YKM2435,PC-6450,Logon
{G7C3-C4YQ70NR-7828YISN},01/05/2010 07:32:00,GTC0747,PC-0870,Logon
{Q9Q2-Y5YT76KY-3419MERN},01/05/2010 08:05:00,CAG3049,PC-8001,Logon
{P0S5-X5CS43CQ-5554GBUN},01/04/2010 07:53:00,KMR0373,PC-8936,Logon
{B0G0-D5TR45EF-1926LRVA},01/05/2010 17:11:00,BGA0892,PC-9376,Logoff
{O7Z2-H5JZ27IF-6282MJJH},01/05/2010 15:58:00,LFB1624,PC-5668,Logoff
{F1O2-J8KJ61PK-2604SWLK},01/05/2010 09:16:00,TTB0471,PC-0816,Logon
{O1R7-J2VH98PQ-2743LIVK},01/04/2010 18:46:00,LRS1165,PC-9859,Logoff
{X0N6-M9AN66QK-2024VAIA},01/04/2010 13:38:51,NMC3998,PC-9942,Logon
{H1V9-D8MX68JW-2955XGTK},01/03/2010 16:48:00,BEH0103,PC-6970,Logoff
{J4J0-U7DG08TH-8145KZZJ},01/05/2010 13:18:28,OQL3890,PC-4417,Logon
{Y4W3-P2KJ74AN-2074NSHS},01/05/2010 17:59:05,MTG0463,PC-3135,Logoff
{H2H3-E0JO74YN-4461PKUV},01/05/2010 07:58:00,KEH0665,PC-7561,Logon
{F6N6-F4ZW43QM-5026DBKX},01/04/2010 07:57:00,CHF1005,PC-6803,Logon
{A0I0-I8DM09SH-9177QUKI},01/05/2010 12:12:45,WAL0050,PC-5117,Logon
{D7U1-Y1FH97KV-1343VQGS},01/04/2010 08:03:00,HJD3439,PC-7083,Logon
{Y1Z1-F1XS84OL-5390PCXD},01/05/2010 08:38:00,ACW0464,PC-4250,Logon
{M3M5-Y6XM76FA-6918LDLX},01/05/2010 11:12:28,TCH2216,PC-8270,Logon
{Z9Q9-A9NK42AW-9700TYTW},01/05/2010 08:05:00,AVV2056,PC-1090,Logon
{Z1E8-Z1QB77PT-4067MYST},01/05/2010 08:01:00,KBF2661,PC-5922,Logon
{A5K8-A4PJ39WQ-6017PSSJ},01/03/2010 16:19:00,DJS1127,PC-6321,Logoff
{L4O6-Z9ZR01IR-9695ZWWX},01/05/2010 16:15:00,DCB3597,PC-0725,Logoff
{G9W8-V3CY83YP-4208SJQM},01/04/2010 18:15:00,SMH2222,PC-1644,Logoff
{J1I8-Y2PW28ZN-2455DCJF},01/05/2010 01:03:56,KAC1774,PC-8427,Logon
{R6V6-S1ZY37XN-6510QOQR},01/05/2010 11:35:28,LRM1362,PC-7080,Logon
{Z9M1-X2BR41JY-6574PSXB},01/05/2010 15:41:00,IPB1935,PC-6801,Logoff
{M1G2-J2WS95UZ-9265KQXG},01/04/2010 16:20:00,JRM0871,PC-8308,Logoff
{Q9E4-U6GN38EV-9859BLDC},01/04/2010 18:53:00,QYG1180,PC-0400,Logoff
{I4D4-V4SR27VV-2180RJCU},01/05/2010 15:21:00,WRJ2184,PC-6152,Logoff
{I2V2-H1ST13RV-5569UJAV},01/05/2010 16:30:00,QFD1857,PC-2543,Logoff
{P6F8-M2TL17UY-5515GASL},01/04/2010 15:46:07,CKB0596,PC-6527,Logon
{F3E5-S9KE84RK-9116VCRM},01/05/2010 08:31:00,AFK3800,PC-0352,Logon
{H9G3-Y0JW56VO-3856VHPE},01/04/2010 08:15:00,TSL2699,PC-2624,Logon
{Q6Q0-Z4EJ57YV-0632ENQT},01/04/2010 07:47:00,NSE3944,PC-8473,Logon
{P6A6-A4PW77IR-8955VUWW},01/05/2010 07:31:00,PAM0505,PC-7261,Logon
{X8G1-V9DU31XD-9311GUVD},01/05/2010 16:58:00,PEB3161,PC-4050,Logoff
{D6D0-V7LQ63CR-3677HGKL},01/04/2010 09:46:08,JIN3522,PC-4422,Logon
{P5R1-F6DI04HM-1553DSTY},01/04/2010 06:44:13,BPD2437,PC-6088,Logoff
{J6Z2-U9QY83WY-6533HBDZ},01/04/2010 12:53:02,JVS2308,PC-0871,Logon
{J2T0-D6IW18VU-5208RZLD},01/04/2010 19:22:00,NHH3276,PC-9616,Logoff
{I7X3-D5AZ14OA-1685TMHD},01/05/2010 12:36:26,SDN2932,PC-5622,Logon
{X1D1-C2CY89IK-7955VOVR},01/05/2010 16:11:00,MSM3264,PC-6148,Logoff
{W5L6-O7SD86DT-0670KWDS},01/05/2010 08:21:00,MXR3432,PC-3033,Logon
{H5Z5-V9EF52TN-0801NLEH},01/03/2010 16:54:00,RWS3699,PC-9819,Logoff
{I0I9-E9LR84CG-3354QGSU},01/04/2010 07:43:00,NUK1513,PC-8913,Logon
{G3X1-O8GD56CO-4544ANHQ},01/04/2010 16:29:00,AKS0298,PC-6704,Logoff
{X3U4-D6LK09MQ-8635ECEL},01/05/2010 06:48:00,CSB1660,PC-6771,Logon
{L2W7-O9ZJ06PE-6022ZRTK},01/04/2010 17:13:37,CDS1579,PC-8546,Logon
{O6D8-S5FU54SI-0012MQID},01/05/2010 07:03:00,CEB3714,PC-7819,Logon
{R3P2-K8VG79SA-7518VQCD},01/05/2010 17:14:00,WFN0926,PC-3359,Logoff
{D8Q3-Q0MW25UI-2654PLBB},01/05/2010 07:46:00,ADB0350,PC-9386,Logon
{N8Q4-S8YD90SE-4837LNET},01/05/2010 07:48:00,BMV1886,PC-9912,Logon
{S7D5-H5SK24QR-1853COQG},01/04/2010 13:18:00,CCG1025,PC-5803,Logon
{U9U8-H8AZ80GB-0956AWAY},01/04/2010 08:27:00,SMW2062,PC-3266,Logon
{C0H2-C4QC25DY-4909PJKI},01/04/2010 12:51:18,CJM3315,PC-0055,Logon
{Y8L5-E5LO32FC-8100AALI},01/04/2010 19:08:00,KCM0806,PC-1142,Logoff
{I3V7-G6DE16WM-3261KCES},01/04/2010 16:21:00,CCS3575,PC-5723,Logoff
{T3O0-R5AJ78AZ-9615HLNW},01/05/2010 13:09:28,CFP3418,PC-4574,Logon
{I7R4-D2AG56PH-3712MHJV},01/05/2010 16:05:00,TKS3035,PC-3025,Logoff
{H0O2-P1LA84NF-5001YUGD},01/04/2010 06:27:00,SMH1953,PC-2742,Logon
{E3I8-G8WT54SP-3890CTZA},01/05/2010 07:57:00,JVC2443,PC-4131,Logon
{H3S4-C5RP77CP-8215VTYJ},01/05/2010 07:47:00,DBH1596,PC-2202,Logon
{I7D4-D9CH86SI-8299FKFJ},01/05/2010 09:18:00,GYS2461,PC-2488,Logon
{Q6F3-F3UU20YJ-3168FZLN},01/05/2010 08:08:00,JAD3672,PC-3294,Logon
{I8F4-A9QF53RH-9167SMCJ},01/05/2010 17:00:00,KSH0672,PC-6826,Logoff
{I4S6-P6XN44WQ-9600GGGS},01/04/2010 07:26:00,YZC3244,PC-8635,Logon
{Q5D7-T5EI27SN-5959MOXK},01/05/2010 09:00:00,MJR0244,PC-0334,Logon
{X4W0-F6PR22EF-2231LTCU},01/04/2010 08:10:00,JIP3170,PC-8222,Logon
{X1J6-N5VG54RG-4058VDNM},01/04/2010 08:15:00,FDD1052,PC-7165,Logon
{N1W6-T7SE99QI-0707BLXL},01/04/2010 20:14:00,LRV1120,PC-3943,Logoff
{Y8H0-C6AG61CG-2513QSYN},01/04/2010 08:26:00,HLS2098,PC-6960,Logon
{C2K6-X6OL33JY-9417PVOO},01/04/2010 07:41:00,LFF1887,PC-8154,Logon
{G1I1-R4HW74OS-7087JIGU},01/05/2010 07:32:00,YSC1691,PC-3423,Logon
{X7H1-F1XQ96ON-2505GSPY},01/05/2010 13:37:42,MKJ1574,PC-9224,Logon
{I4V6-J6UN87LM-5182YUMJ},01/04/2010 20:01:00,JBB0847,PC-6471,Logoff
{H2X8-M1WX79MM-5690IZJJ},01/04/2010 07:37:00,OKF2007,PC-1957,Logon
{J9G6-G9LM75QB-5294FOSD},01/05/2010 07:46:00,NAR1527,PC-8274,Logon
{P3F2-N4VE00PM-9862CSPU},01/04/2010 18:15:00,KJB0354,PC-7568,Logoff
{X0V5-U8SK62VV-2539OJFL},01/04/2010 08:13:00,BLH3602,PC-0933,Logon
{V2J2-M2SX09GD-8406AAGI},01/05/2010 17:58:00,PCT1234,PC-5583,Logoff
{Y3F6-Y6HK04KD-8197UKKH},01/05/2010 07:38:00,AHD2457,PC-7794,Logon
{Q2F2-S6EL80DT-8605FIPS},01/05/2010 07:41:00,EGB3624,PC-6624,Logon
{W2X1-I0GG47EE-7705BMLQ},01/04/2010 18:06:00,NDR1456,PC-6176,Logoff
{N4J7-Z9AT32VY-4336GMVH},01/04/2010 19:15:00,ZNG3404,PC-1342,Logoff
{P3P6-F4GP18YA-6631TZMV},01/04/2010 16:21:00,IMS0862,PC-1101,Logoff
{Y7S9-S3JN18BN-6450LZLD},01/04/2010 07:55:00,MAK1309,PC-4222,Logon
{O9X4-E2TK68VI-2257DAXL},01/04/2010 17:14:00,ABS0677,PC-7979,Logoff
{G1Z2-E5YZ92ED-3413HWFF},01/04/2010 07:55:00,JQS2908,PC-2733,Logon
{I0Y9-E6FF18SB-5957RGEQ},01/04/2010 08:36:00,HJH2588,PC-4322,Logon
{J6F2-K8EY58DW-3721IFWQ},01/04/2010 16:15:00,ADB1105,PC-3024,Logoff
{O5H1-P4KU61EG-5002OMKD},01/04/2010 17:56:00,IHS0816,PC-3157,Logoff
{W5Z0-S4YN61EW-0512CDBX},01/04/2010 07:31:00,LRM1922,PC-4004,Logon
{V2Z0-X4JO55KR-1969ITUT},01/04/2010 16:26:00,CCG3254,PC-1245,Logoff
{H7O4-X0CA49VF-2605ZYCL},01/04/2010 11:45:06,JMH1847,PC-0727,Logon
{D0P4-K2SU43WP-1520JESX},01/05/2010 07:30:00,EAM3642,PC-8738,Logon
{E2Q8-V6XH16MN-9131TFXQ},01/05/2010 09:41:52,QAH1315,PC-5735,Logoff
{Z0D8-S8MZ28AC-4114PFTJ},01/04/2010 18:12:00,CWA2554,PC-4110,Logoff
{Z5A3-G7RM63GU-4755SQKK},01/05/2010 07:30:00,BWG3220,PC-9141,Logon
{D5S5-O9FH51BN-5042GQTI},01/04/2010 08:51:00,BJH3402,PC-6844,Logon
{W9U0-F3AQ60ON-3058LKQJ},01/05/2010 06:56:00,HGD1664,PC-0180,Logon
{C1R1-H7PF97RP-5972IAAX},01/05/2010 07:39:00,GNE1365,PC-5750,Logon
{C9A1-M1RA24TL-3350GQFL},01/04/2010 17:52:00,GRP0277,PC-2590,Logoff
{P3Z4-D0LA82RC-0319TAUG},01/04/2010 08:01:00,KBK3593,PC-3488,Logon
{J2K6-F3LH03WW-9109RCPT},01/05/2010 12:28:35,BXT2678,PC-1495,Logon
{Y7T8-V5XX79XZ-9712DMMU},01/05/2010 15:44:00,ACB0701,PC-9770,Logoff
{W8Z9-Y4RG68YM-0186XBBA},01/05/2010 15:59:00,SLB2519,PC-0662,Logoff
{J5A1-D5TU96AB-5158KKQZ},01/05/2010 08:03:00,DND3309,PC-9890,Logon
{P5P6-J6WW95ZQ-4914UKTZ},01/05/2010 10:55:07,EEC3193,PC-2162,Logon
{C9X2-U8PU66IP-7919JQRY},01/04/2010 07:42:00,BGS0751,PC-2424,Logon
{F8I6-Y4RL35CO-6011YATF},01/04/2010 07:51:00,MLG2305,PC-6752,Logon
{J2F3-E4IR07TC-1075WWLJ},01/04/2010 17:35:00,CRT2273,PC-1815,Logoff
{C4M0-K1GC38DM-8122NKER},01/05/2010 15:58:00,NGC1617,PC-4466,Logoff
{Y9Q0-X4HF15RN-9787DLMO},01/05/2010 08:48:00,CBH0413,PC-4554,Logon
{C8X0-W5GG14NB-5316RDFM},01/05/2010 15:46:00,TNH3028,PC-1776,Logoff
{C1D3-V1CX57XJ-7969VKLY},01/04/2010 14:20:22,KJB0354,PC-7568,Logon
{V7H7-S8YT50AN-7646YTZV},01/04/2010 07:21:00,KJB3654,PC-2218,Logon
{K3E0-T1BF59CJ-2262WNXC},01/04/2010 08:32:00,LTW1441,PC-2126,Logon
{C8Q0-I5UB09EV-7300AQCB},01/04/2010 07:26:00,NBR1873,PC-6596,Logon
{X7W9-Y4QI15WW-5115NPMJ},01/03/2010 13:44:29,YNW2855,PC-0624,Logon
{Z9F9-U1PZ98QY-5719FARS},01/05/2010 17:29:00,CNH3475,PC-8832,Logoff
{T4G6-P1PE33AG-0580MWYR},01/05/2010 07:52:00,GEB3975,PC-0586,Logon
{N9B1-W5DU10CK-5974UOBG},01/04/2010 16:03:00,CCW2381,PC-8235,Logoff
{Y0V7-J2OC52IO-2517TQCW},01/04/2010 11:21:08,BOR2387,PC-8382,Logon
{H0W4-K0NY76YF-7259JPWV},01/05/2010 07:30:00,ZCR0558,PC-5242,Logon
{L2C8-X9LI61PT-8443XTSC},01/04/2010 14:16:00,ACC2773,PC-6192,Logoff
{K3I4-V6GW40IY-0825ENRT},01/04/2010 13:23:59,WAA2573,PC-6631,Logon
{C5O0-Z7YS75XW-8695SNRY},01/04/2010 18:48:00,WSB1368,PC-9082,Logoff
{O8M0-H9AK14JU-8828OUAD},01/04/2010 18:22:00,KJC1419,PC-8887,Logoff
{X1M4-M8QM93SB-9380DDDL},01/05/2010 17:29:00,BRW3552,PC-9836,Logoff
{B8T2-P9DB33RU-8184VCCH},01/04/2010 08:19:00,TEF3555,PC-7540,Logon
{J9X3-W4TJ62QK-6387XLNR},01/04/2010 17:30:00,RSV3166,PC-8992,Logoff
{E9J7-H0QU67GD-8861HYTN},01/04/2010 08:21:00,RCD2501,PC-9717,Logon
{S2J1-S1DY59KR-0503MHZZ},01/05/2010 08:15:00,BKB0853,PC-3208,Logon
{G7P5-F1ML28DH-1223OLHF},01/02/2010 16:04:00,CMD0613,PC-8839,Logoff
{O5J9-V7JQ11VN-0015RLOR},01/04/2010 08:07:00,ALS3440,PC-6258,Logon
{B8I2-U5AI75XY-1448ZASU},01/04/2010 09:04:00,KTC0474,PC-4480,Logon
{W2B7-E6QV79QR-3708ZWMN},01/04/2010 07:29:00,ZKR1397,PC-4248,Logon
{H1R6-E2NW09HD-8375FTAP},01/05/2010 08:38:00,LSL0001,PC-6747,Logon
{E8A4-W6MI54QM-9334QGNY},01/05/2010 07:46:00,SAM3855,PC-2428,Logon
{H9N4-B3LZ11LW-2476CBEW},01/03/2010 19:26:00,XBW2502,PC-7681,Logoff
{Y7S9-P2NS59SF-0209OGNQ},01/04/2010 13:05:16,KBP0384,PC-9322,Logon
{Y3E8-Y5DP70JU-3579XMOO},01/04/2010 12:12:56,HDB1666,PC-6793,Logon
{Q7U3-P8JD56PI-2608WUIX},01/05/2010 16:59:00,AAC0610,PC-1834,Logoff
{Z6F4-F8SI01MV-3709XAJS},01/05/2010 17:59:00,RAF3369,PC-0270,Logoff
{N8Z5-L3EL98XH-1424PCHC},01/05/2010 08:01:00,BDR0510,PC-1197,Logon
{D2I3-M2AA50KH-6256FNNO},01/04/2010 16:53:00,OSC1925,PC-7224,Logoff
{Y5R7-U6FF00QM-5427BQQZ},01/05/2010 15:12:00,CKL0697,PC-1639,Logoff
{U8R7-Z5LY91BC-2359NFNW},01/04/2010 18:04:25,QAH0048,PC-0870,Logoff
{V7M1-T6ON19MK-9304LHVW},01/05/2010 17:29:00,NDK3436,PC-9671,Logoff
{G7B0-F1FH58HP-5145ALIB},01/05/2010 08:01:00,ANM0564,PC-7031,Logon
{A0G7-H7VT44QR-5492WVQK},01/05/2010 17:00:00,NLN0673,PC-9633,Logoff
{O2S8-Y7BQ80BB-6704GORP},01/04/2010 07:45:00,BON0968,PC-8090,Logon
{X7O0-G7SR82UX-6836LBPY},01/05/2010 07:48:00,LMZ1501,PC-2386,Logon
{M0E7-Y9JV74UW-4693KUZS},01/04/2010 16:29:00,LXE2139,PC-8276,Logoff
{L0C3-R3LS11HN-5412CUYN},01/03/2010 12:06:50,TKM1539,PC-3295,Logon
{X7W6-K8IP75IJ-7945DBMW},01/04/2010 23:43:39,JPS2432,PC-3715,Logon
{A4K4-L3OC31LW-0534KTOU},01/04/2010 08:44:00,NHP0412,PC-4099,Logon
{L2G2-X1MX56RO-3674QOPD},01/04/2010 17:10:00,MAM2630,PC-6842,Logoff
{B1N2-S8LT91GA-0015ROUJ},01/04/2010 16:14:00,SJD3032,PC-5294,Logoff
{K4R2-I8ER90OU-8014LKFP},01/05/2010 13:17:35,CRL2357,PC-1499,Logon
{U8U6-R6UA30OJ-7494LSPJ},01/03/2010 15:58:00,IRS1337,PC-1290,Logoff
{W2S8-V7DM63PQ-4230GUTX},01/05/2010 07:25:00,GKG2763,PC-8993,Logon
{E2S8-X0ZA05VC-1024IDEU},01/04/2010 07:09:00,BUW2717,PC-3481,Logon
{X5I6-J3DI11CG-0225XDEC},01/04/2010 12:54:25,MCB2802,PC-0094,Logon
{F9H6-Y7QO50GS-4422BCBF},01/04/2010 18:02:00,DDW3361,PC-1356,Logoff
{X8O7-E5JZ85AP-2413PVES},01/05/2010 07:45:00,NMM1560,PC-4804,Logon
{F5M8-P4PM63SF-8755GCTA},01/05/2010 09:25:00,NGB0066,PC-0086,Logon
{S2H0-S3GG41IK-0781LRQI},01/04/2010 11:43:28,KCG0979,PC-8338,Logoff
{F1P6-J4XL76HQ-1277OGNO},01/05/2010 07:34:00,TDV3188,PC-9264,Logon
{W9B1-N0IM46KI-2846TAJS},01/04/2010 07:30:00,FSP0703,PC-7998,Logon
{I4E7-V8JL50IV-5473MCMW},01/05/2010 11:28:50,OJT3599,PC-9436,Logon
{R7G0-G9KW18XV-1946NCGH},01/04/2010 08:22:00,QGH0041,PC-2470,Logon
{G3E8-C4YS82OS-7106ADPX},01/04/2010 18:29:00,MNB2570,PC-3165,Logoff
{I5D6-A8LG65DO-8311SXJS},01/04/2010 08:42:34,JIB2606,PC-8546,Logon
{E0H7-U3DP44DS-3178OHRR},01/05/2010 08:01:00,TJB2532,PC-4544,Logon
{W1W7-T2SD98JF-5848DWWD},01/04/2010 08:25:00,DNB3545,PC-9461,Logon
{L4F4-V6WU17JZ-5598GEGA},01/04/2010 07:03:00,BEG3521,PC-4448,Logon
{X9A8-C2KR84LT-4854DFAZ},01/05/2010 15:58:00,ANK0777,PC-2104,Logoff
{E7V9-R1SN25BE-7536DJFS},01/05/2010 14:24:45,NOE2965,PC-4936,Logon
{H5N5-T1SP88KK-8765NAQG},01/04/2010 17:00:00,FPM2074,PC-2143,Logoff
{I5B4-H0QT21QW-3663XUCV},01/03/2010 23:02:39,MTS0465,PC-5873,Logon
{Y6I5-F3WA72MA-2731GVBS},01/05/2010 08:06:00,AIH2535,PC-2315,Logon
{R5A0-I9HB15ZE-6647ZBEW},01/04/2010 13:08:30,BBM2604,PC-6547,Logon
{B0F9-E5FL79FY-0828XPZG},01/04/2010 17:39:00,AHG1408,PC-3642,Logoff
{B2O9-O4XJ46XE-3011LVQD},01/02/2010 15:09:52,TKM1539,PC-8577,Logon
{H2N1-C5AI44PN-6030PMLB},01/05/2010 08:31:00,LMG1061,PC-4278,Logon
{B5F6-J8NF14QU-1751YALV},01/04/2010 06:57:00,BBC3733,PC-0611,Logon
{M6T4-Y9NU50BY-1598OVLI},01/05/2010 08:02:00,MNT0922,PC-2184,Logon
{U1T9-C1AY43BP-2711UDWP},01/05/2010 08:50:00,CKG1972,PC-7912,Logon
{F6H1-A5AO19LJ-0433XCDM},01/05/2010 06:52:00,KRN2211,PC-9648,Logon
{O1N9-G3OI35ZD-3608MGAV},01/02/2010 10:01:03,WAF3438,PC-3297,Logoff
{A8A6-B6LT91IP-7793USTD},01/04/2010 14:56:00,JET2299,PC-8010,Logoff
{B9O6-I6WH94TV-9352GNSG},01/04/2010 09:08:00,CGG3388,PC-5178,Logon
{B9U4-U0WT86IC-7199GCBP},01/05/2010 11:22:37,CSM1554,PC-9631,Logon
{X9C2-D5QS53BO-8544WTEN},01/05/2010 07:54:00,AIA2005,PC-6246,Logon
{N4N8-G3YX94OW-8863TSRD},01/04/2010 06:48:00,HMM2841,PC-7082,Logon
{B1I9-U7QJ80RC-3918JBHH},01/05/2010 08:35:00,JHC1809,PC-7359,Logon
{M9M0-P5VZ00GK-6719KRKA},01/04/2010 08:24:00,VPS3185,PC-3491,Logon
{W9A6-W3DJ90AL-3895HJTY},01/04/2010 07:44:00,LMH2801,PC-6445,Logon
{B2I2-F7ZF46KI-9962UVDV},01/04/2010 16:44:00,RWS3699,PC-9819,Logoff
{C2G9-I0DW43GN-1343KAGL},01/04/2010 08:35:00,ESB2888,PC-9381,Logon
{L9M6-S1XF17SJ-2808RNDF},01/04/2010 02:08:28,KAP2430,PC-9560,Logon
{E3P8-D6PW37OL-1049YIJL},01/04/2010 18:25:00,NBD2469,PC-2400,Logoff
{A0B8-H0EQ15FT-2907XXZP},01/04/2010 08:00:00,SOB0089,PC-6172,Logon
{S7S2-B0FQ70FA-7342GILR},01/04/2010 07:49:43,HCB1383,PC-7767,Logon
{R0A1-O1RF40NM-1520MNIW},01/05/2010 08:19:00,IMC3296,PC-2659,Logon
{M2S4-V2EK70VM-9411NUSU},01/05/2010 18:03:24,SMO0458,PC-7839,Logoff
{P7A0-D8HO07LF-1116STGQ},01/04/2010 18:07:00,DIP3310,PC-0079,Logoff
{J4O9-K6SP86OK-1949UPGC},01/03/2010 17:32:00,JJH1389,PC-3684,Logoff
{P4U9-Z5DB08VC-9962BTTB},01/04/2010 07:32:00,CCH1508,PC-3258,Logon
{S7H8-V7IM86XP-0505JPTT},01/04/2010 19:08:00,FMN0013,PC-3869,Logoff
{X6B2-R4TM96SG-2032SXGT},01/05/2010 17:56:00,FCK3307,PC-2722,Logoff
{F9W5-M4FZ10ZB-1019ZBWP},01/05/2010 16:14:00,MDG2418,PC-9470,Logoff
{S9P5-Z3LW34NV-4572PDUW},01/04/2010 11:32:12,IAC3581,PC-6516,Logon
{D9A4-I9KF69JW-0065OBTM},01/05/2010 07:47:00,ERH0815,PC-8786,Logon
{O9O9-C0HC43AX-4031CYLW},01/05/2010 08:22:00,IFS0793,PC-6862,Logon
{V3D3-J5LD67QP-1514NSGR},01/05/2010 17:42:00,WVM1669,PC-3908,Logoff
{L7O8-B5QC16GS-9124XUVB},01/05/2010 07:19:00,JTC0941,PC-4067,Logon
{R8L9-N9KC40AE-3218PTIR},01/03/2010 17:58:00,JLC0216,PC-3253,Logoff
{H6G2-V4GD92FW-6758NGAM},01/04/2010 08:03:00,SHB2106,PC-8427,Logon
{H0V0-R4HI07SL-2317ETRD},01/05/2010 16:59:00,SIP2907,PC-8413,Logoff
{H0B1-V1GU94YP-2331TNOQ},01/05/2010 08:25:00,SLS2992,PC-0473,Logon
{Q7S4-G1GR60JD-4583KKAA},01/04/2010 14:04:31,RXN2265,PC-1514,Logon
{H5S7-Z9MZ30DQ-8797XJAC},01/05/2010 11:35:33,JAY3851,PC-8807,Logon
{F0C4-S1TD87WV-6948TYXG},01/05/2010 16:12:00,PSP3592,PC-4581,Logoff
{Y5L8-S4OU49MA-0919YZHO},01/04/2010 08:19:00,KKB2094,PC-7055,Logon
{M6D4-X0GD29TL-1329LEUR},01/04/2010 18:45:00,KNH0316,PC-8324,Logoff
{T9M7-Y7HA66JU-7905NYGN},01/05/2010 08:03:00,JBM3933,PC-2017,Logon
{M8E8-C7UI95UC-9216KXLZ},01/05/2010 08:09:00,NNB3989,PC-1526,Logon
{S8E4-R2IF20OT-0293EZEM},01/04/2010 07:21:00,DBF3635,PC-0363,Logon
{I6D6-T9IO94US-8486XCZZ},01/05/2010 18:08:00,BBC3733,PC-0611,Logoff
{Q3F8-A5BD06DN-4558KPYD},01/04/2010 07:02:00,SDC3561,PC-9144,Logon
{X3H9-P1IB60BO-0413VEIW},01/04/2010 18:09:00,ADM0765,PC-8717,Logoff
{S5K9-Y0OJ17GH-1016FFFQ},01/04/2010 20:02:00,RGB1581,PC-2984,Logoff
{R8Z6-A3KB61IY-8687JYFJ},01/04/2010 08:11:00,ABH0349,PC-1019,Logon
{V7E4-U0CV37NW-5390GBUB},01/05/2010 07:31:00,HPR2023,PC-1304,Logon
{E0W9-N3AU22SL-5667RAOA},01/04/2010 15:30:00,DKF2721,PC-2413,Logoff
{K1S5-I1BV95RT-3412CFIX},01/05/2010 17:14:00,MEB3004,PC-2978,Logoff
{O3C2-X3VM88GJ-7670YBTA},01/04/2010 17:12:00,CBW2427,PC-8292,Logoff
{Q5W5-S6RP64YB-5418NOMY},01/05/2010 12:11:44,OCS1541,PC-2125,Logon
{C8P4-N2JJ84UI-3551YRNX},01/05/2010 08:03:00,SWE3155,PC-4509,Logon
{T2S5-Q3DF12IP-3553TCNX},01/03/2010 08:07:00,LAN1329,PC-8190,Logon
{Y6G7-I9HM85MS-4101DFIM},01/05/2010 10:49:54,WAF3438,PC-7900,Logon
{M7S3-L3SJ64YN-6044XTIJ},01/05/2010 08:02:00,MMB2285,PC-6678,Logon
{T3V3-X6VF65NR-3885EKPX},01/05/2010 08:20:00,CCG3254,PC-1245,Logon
{F6R9-N9II93WF-8827UWIK},01/05/2010 18:10:00,VSJ2569,PC-2097,Logoff
{T8C9-X2EG17HK-1243MHCX},01/04/2010 18:12:00,SHW3011,PC-7834,Logoff
{P1A1-W9ZX69TE-1931XEBY},01/05/2010 08:01:00,CBG1142,PC-4061,Logon
{W1V5-J1MQ78KL-5412VZWV},01/03/2010 18:03:00,LDB3304,PC-4961,Logoff
{F0R5-U2CK82QQ-0047BOTU},01/04/2010 19:42:00,VDP0790,PC-3576,Logoff
{C3X4-V8ZL04LU-4181UFQY},01/05/2010 13:34:06,FDF3743,PC-3610,Logon
{U7X7-V0MY20TV-6614HRTN},01/04/2010 18:47:15,AJH2110,PC-6556,Logon
{M8K7-Y9JP65RB-8097WCFR},01/04/2010 20:09:00,GLG1573,PC-1020,Logoff
{W8Y4-A8ON86ZP-6556JPCG},01/04/2010 07:27:00,EJB1263,PC-4338,Logon
{U1Z9-V0HL00CC-0370VDXF},01/05/2010 07:32:25,APC3043,PC-6310,Logon
{G6S1-O7CW52UP-4348ZFYC},01/04/2010 12:19:15,AMJ2374,PC-7610,Logon
{N6H9-W2NN07EI-4788FYTN},01/05/2010 08:00:00,GGH1726,PC-6289,Logon
{J1K6-S9AN56PP-2168NKXP},01/03/2010 17:11:00,PEV3955,PC-4993,Logoff
{L1A0-W1RS68XR-0309UZSP},01/05/2010 08:46:00,FCY1157,PC-4538,Logon
{A5N8-Z7BQ23QK-6913CSWX},01/05/2010 08:32:00,TCB0550,PC-6190,Logon
{E3J8-Q4DO42CT-1620BFCF},01/05/2010 08:35:00,SYM2379,PC-4790,Logon
{P7H1-K4ZA96OI-5370WAPR},01/02/2010 17:16:00,WBB2321,PC-3292,Logoff
{G0Y9-V7QK50WK-8180QHZN},01/05/2010 15:47:00,OHF0078,PC-0296,Logoff
{V2P9-Q2TY51XT-2133ITAK},01/04/2010 09:29:00,HVR0633,PC-6141,Logon
{L1G6-P4FW75DH-6727WWWV},01/04/2010 07:50:00,DEL0913,PC-9275,Logon
{R2D6-Q5HS88GW-1207RMHU},01/04/2010 10:30:19,GPD3917,PC-7567,Logon
{N7F7-C3HU32DC-8876UAEN},01/05/2010 17:22:00,LMH1987,PC-2589,Logoff
{L9E0-I1CW45SI-6510EUUH},01/04/2010 07:50:00,CND3037,PC-2214,Logon
{W0P8-H7CO15DW-1974EFHP},01/05/2010 08:04:00,SCM3950,PC-1837,Logon
{M8O4-G1VX42FE-1939RAEH},01/04/2010 17:36:00,CHY0083,PC-9333,Logoff
{I6J7-B6RG17HG-1496XXUS},01/05/2010 16:12:00,SNV2423,PC-1405,Logoff
{Z8L8-V8QW16YH-1604ZCDS},01/04/2010 19:08:00,LCP0572,PC-1299,Logoff
{V9G6-D0KF34FB-5328BGID},01/05/2010 17:59:00,NHR2050,PC-6901,Logoff
{P8Y1-O6JI76YM-4289DLVS},01/04/2010 08:01:00,JDH1550,PC-9183,Logon
{Y9L7-T2YT82ZS-4468IKIW},01/04/2010 19:36:00,CRP2489,PC-5124,Logoff
{Y4J6-L9BV55YZ-7208QCVZ},01/05/2010 17:56:00,RFB2959,PC-7820,Logoff
{H9U1-U7MQ41ZB-3625VPYS},01/05/2010 04:02:48,BGB3045,PC-5170,Logoff
{G0S7-Q4QC55JR-3580LXZG},01/04/2010 07:58:00,NLC2601,PC-2938,Logon
{G6P7-R8JF78NX-3907PEWA},01/05/2010 07:55:00,DBV2736,PC-5302,Logon
{F3V6-Q6YW59UO-6783UMDQ},01/04/2010 13:13:16,GHD1450,PC-4312,Logon
{Y2R5-O7FV00EF-8511YSGP},01/04/2010 08:02:00,HMM2628,PC-4056,Logon
{Z1Y0-M7GI27NR-3819BACH},01/04/2010 07:58:00,NBN2651,PC-3907,Logon
{D9M9-D8KY40WB-6240VKWS},01/05/2010 15:32:00,BOV1609,PC-3155,Logoff
{J8B6-S1GE84LX-0142ATFP},01/05/2010 08:11:00,MEB3004,PC-2978,Logon
{R3E0-S1RT99VF-9026VDCY},01/05/2010 17:30:00,XAH2479,PC-0990,Logoff
{F8E9-W4RC65HQ-8511HYVV},01/05/2010 17:36:27,KBG1117,PC-3234,Logoff
{H8T4-B8RS57AY-8907URJQ},01/04/2010 17:07:00,RWN1705,PC-9366,Logoff
{W8E2-L3LW48RU-9624OLSC},01/04/2010 08:11:00,CBD3251,PC-8237,Logon
{X1L3-I4TM61FH-7617SYQK},01/04/2010 16:56:00,CAS1017,PC-8529,Logoff
{M2X6-F1AE35BO-3056HORG},01/04/2010 16:31:00,JGR3914,PC-5072,Logoff
{W3C3-M2TO73HU-4487GULJ},01/05/2010 08:08:00,MKJ1574,PC-9224,Logon
{U3L7-C0AZ95OJ-3075ARDT},01/05/2010 08:03:00,DBG3320,PC-5712,Logon
{R4X9-R2NN44ST-4270CASF},01/02/2010 17:10:00,ENS1748,PC-5920,Logoff
{I8K1-D3VT08TB-2689MMSJ},01/05/2010 13:24:05,ILH2989,PC-4373,Logon
{A5T5-S3ZA84MR-9760EPSO},01/04/2010 07:51:00,CLA1285,PC-9356,Logon
{V3Y1-P0NA24FC-5457HCXN},01/04/2010 07:58:00,ESH1283,PC-2299,Logon
{N7N5-A3AR02RX-7485DKDK},01/04/2010 17:43:00,MJS1251,PC-8956,Logoff
{S2T3-I5VA27OY-3808TPSB},01/04/2010 18:01:00,JMF3362,PC-5715,Logoff
{G5S0-A2LI19NL-4327MQAE},01/04/2010 07:11:53,QGH0041,PC-3107,Logoff
{Q3J7-O3JU44AU-1980MHHM},01/03/2010 07:17:00,KMR0682,PC-1419,Logon
{A2D0-G6EL34NQ-6517DJXO},01/05/2010 15:26:00,JCH2505,PC-1297,Logoff
{U3Y6-A9EN21MT-2335WBAM},01/05/2010 07:52:00,LGM2170,PC-8358,Logon
{E0X9-E8WL07WO-5128IJBA},01/05/2010 14:57:00,TEC2300,PC-4342,Logoff
{G7M9-N3PO37NE-0813MGDC},01/05/2010 16:55:00,NSB1016,PC-3720,Logoff
{V1D1-T3FM05OZ-2221IQXY},01/05/2010 11:06:19,GCP2425,PC-3438,Logon
{Q3A2-E8UY02MN-5492NFRU},01/04/2010 20:27:00,SKF2105,PC-1069,Logoff
{G5Z9-W4OB01LX-8727OAAV},01/04/2010 11:32:48,CTC0421,PC-5993,Logon
{H1R5-V4BR85JR-1738IKQL},01/05/2010 07:01:00,AMJ2374,PC-7610,Logon
{R4G1-O0UX71MQ-1448LNAQ},01/04/2010 13:03:24,HDN2609,PC-8185,Logon
{M2X1-I5FH73PC-9883HRFB},01/04/2010 17:30:00,JSB0320,PC-6533,Logoff
{G2O9-B7PF90LM-1922TCSK},01/05/2010 16:57:00,BRH2866,PC-0394,Logoff
{O2Y2-D0KW58UB-5819AOXT},01/04/2010 13:54:42,TCB0550,PC-6190,Logon
{K7U5-V1FQ87VU-8779DCLX},01/05/2010 04:39:12,SLB3039,PC-9216,Logon
{Z4R3-A2JV71TW-4283COLJ},01/05/2010 15:40:00,VHH0485,PC-0827,Logoff
{E4R8-Z8FI35BL-9469DHZW},01/05/2010 07:01:00,WFH2830,PC-7830,Logon
{N9U3-Y6AL09EM-6522EUYK},01/04/2010 15:22:00,QRJ0691,PC-9913,Logoff
{Z7E3-J5AI42OR-1125WELT},01/03/2010 08:32:00,THF2879,PC-2467,Logon
{Z1J4-O3XQ03SI-4971OWHH},01/04/2010 07:22:00,CHH2272,PC-6634,Logon
{W4X7-P2QK91UX-9194JNSY},01/02/2010 07:59:00,BAW0780,PC-1561,Logon
{O0D7-X6JB79VH-2402MOTV},01/05/2010 08:35:00,BKS2069,PC-0257,Logon
{S2A9-Y2UB79WZ-0649HKKI},01/05/2010 16:11:00,JDB0738,PC-8411,Logoff
{P7C8-U8QQ45LV-2310BYKF},01/05/2010 15:59:00,QBR2250,PC-5642,Logoff
{Y3V8-V3ED34TR-5966VLPP},01/05/2010 16:59:00,MAL0434,PC-5879,Logoff
{A9Z0-L1BH98QT-3497ZEBV},01/04/2010 16:04:00,MJB2167,PC-9804,Logoff
{S5M3-D8GA72XX-9133JLDB},01/04/2010 07:53:00,CAF3929,PC-2693,Logon
{N9Q6-I0FG65RW-6663TMKX},01/04/2010 18:57:00,CIR1367,PC-6307,Logoff
{H3U6-Q0BB24EQ-1811JOBW},01/05/2010 16:58:00,HHK0652,PC-2024,Logoff
{L9M2-J5UQ98EZ-0383EXIA},01/04/2010 17:14:00,NBL0182,PC-1148,Logoff
{W2L7-W3GX68KK-6738HIBP},01/04/2010 07:54:00,CPP2909,PC-2981,Logon
{F0K6-P2GP88PK-9021MPRA},01/05/2010 16:22:00,NIB1197,PC-1352,Logoff
{F6F7-N4AZ04QA-3626CHLT},01/02/2010 08:03:00,BKF1545,PC-9378,Logon
{D4P7-R2IW41HY-0656FKVP},01/05/2010 08:01:00,KNS3380,PC-6304,Logon
{W3U1-V3VD45FA-3952SVZK},01/04/2010 19:03:00,YNR2544,PC-4646,Logoff
{O4L6-J6XY28BD-0261PHXQ},01/05/2010 08:56:00,SXR0964,PC-7350,Logon
{F8M4-G4QP61CR-0809AJLI},01/05/2010 17:57:00,MAR2386,PC-5153,Logoff
{L1U4-J8MI45UE-6721IPMQ},01/05/2010 17:43:00,SYF1650,PC-1467,Logoff
{R8N6-T1FS47BL-3530WJBQ},01/05/2010 07:48:00,UMH1532,PC-4307,Logon
{Y9Q1-C6PA03NI-6292BHBD},01/04/2010 07:48:00,FVK1623,PC-4919,Logon
{O1J0-C6GB60NZ-7746WPJM},01/04/2010 07:33:00,QCB1360,PC-4135,Logon
{R5N2-L5SS71AE-7811MEIK},01/04/2010 07:36:00,ERH0815,PC-8786,Logon
{X5X6-U9XR73ZP-0022RFRZ},01/04/2010 07:53:00,WFN0926,PC-3359,Logon
{P1V8-T4QT42WH-1636HDEI},01/05/2010 08:52:00,DBC1073,PC-5545,Logon
{N4V7-A9HN87DW-8205LAPN},01/04/2010 16:15:00,HIA2415,PC-5392,Logoff
{I9C3-C9BS73UG-7980PFIL},01/05/2010 11:53:52,DAR0709,PC-4052,Logon
{P2J0-B7FC13JT-0523DXTU},01/04/2010 15:17:00,CPR1800,PC-1374,Logoff
{B7V5-M3EQ90GY-1488URMR},01/05/2010 08:46:00,LBG0407,PC-8245,Logon
{Q6P8-V3RV95VH-4778NWEN},01/05/2010 17:05:00,TTD2873,PC-1696,Logoff
{G7D4-S1QX93SN-7742IVES},01/05/2010 08:37:00,KDT1190,PC-4174,Logon
{Z8G2-J0SA59MR-5433PNCG},01/03/2010 11:56:47,LAF2213,PC-3090,Logon
{V5G8-C0GU31YW-2334MJHP},01/02/2010 17:51:00,HDB1666,PC-6793,Logoff
{H8B2-L8YH03IF-9248DSYA},01/04/2010 17:14:00,CAF3929,PC-2693,Logoff
{R1F1-O9KN63ZM-7838IEYZ},01/04/2010 13:32:44,TVC2918,PC-0993,Logon
{J7H2-Z4PI00NO-9111UIKY},01/05/2010 16:52:00,CRE2652,PC-6303,Logoff
{Q8V2-O5HP59QY-1747KIWY},01/04/2010 10:29:34,SDN2932,PC-5622,Logon
{P3U1-T1EJ96HU-8419TIUL},01/05/2010 08:07:00,BHC2049,PC-8591,Logon
{Y3G0-L4GC68GI-1379YMTM},01/04/2010 17:32:00,BXK2091,PC-6946,Logoff
{J1I4-A0AL59XM-0793BLQW},01/05/2010 07:45:00,MKM1993,PC-0770,Logon
{C8E8-I6TE52QH-2487VMOY},01/04/2010 08:14:00,DLR1423,PC-0283,Logon
{G2J2-G6DP63IK-9311WBIQ},01/02/2010 18:01:00,ROR3483,PC-4365,Logoff
{X8D9-B9GB72MB-8363JSQN},01/04/2010 18:47:51,DEP0163,PC-2187,Logoff
{M8V6-Z1RO39PN-9779RSBI},01/05/2010 17:50:00,JRP0250,PC-4959,Logoff
{R4O8-K8CK31NM-5629MVFY},01/05/2010 08:34:00,AYS0110,PC-2797,Logon
{E6P7-F2WA71PP-2518JIIX},01/05/2010 00:20:38,DXM2433,PC-6982,Logoff
{J3M0-P9QV14WG-3853TGRH},01/05/2010 17:30:00,MZG2261,PC-1618,Logoff
{F5M4-U9MO38IB-3119DAXP},01/04/2010 16:46:00,DHM1476,PC-4563,Logoff
{E5N2-E9DT65UP-1301VPYQ},01/04/2010 16:45:00,SEM1862,PC-0085,Logoff
{U4W8-W6PA55TE-9197PHMV},01/04/2010 07:43:00,CPP0623,PC-6311,Logon
{J2K9-D1QW40MO-1952GGFR},01/05/2010 08:33:00,DDG1822,PC-8517,Logon
{O5K1-M2AJ54PK-8885JYCG},01/05/2010 13:20:40,ACL2943,PC-0412,Logon
{P9F0-E7WA68AY-8102TBPP},01/05/2010 07:07:00,AKB3530,PC-6633,Logon
{Y3F2-Z5KW88KS-3168ZJLX},01/04/2010 08:02:00,YKW1763,PC-6673,Logon
{L0U0-Q1SB70PF-1516ZODB},01/03/2010 13:14:45,VCF3273,PC-5191,Logon
{D7P2-N7DO84VW-5287QPRV},01/05/2010 12:35:22,GRP0277,PC-2590,Logon
{O9N1-Q6SC78LL-2690YOCB},01/04/2010 17:29:00,ICB3167,PC-4546,Logoff
{F3A3-S8FQ82GS-3055GEOK},01/04/2010 17:26:29,PLJ1771,PC-7630,Logoff
{S9G6-J3XW28FB-0175NAJT},01/05/2010 07:17:00,RML2759,PC-1424,Logon
{R8M3-A5LU77IY-3366EXTE},01/04/2010 07:59:00,LAN1329,PC-8190,Logon
{J9T6-E0QR14JW-1359DHHA},01/05/2010 16:44:00,EVO1522,PC-2923,Logoff
{F6S6-Q8FL58OI-7128DSVD},01/04/2010 12:24:20,KKH2324,PC-7042,Logon
{O5F7-B6IW39BJ-6909TVQF},01/02/2010 18:18:00,CWA2554,PC-4110,Logoff
{I3V4-H8PA34PB-0943BECL},01/04/2010 07:46:00,JZM1351,PC-4412,Logon
{V7U1-S9IK45RO-5317OHSJ},01/04/2010 16:49:00,RCW3692,PC-2823,Logoff
{H4I5-T5PO89KL-6464KNFD},01/04/2010 18:07:00,PDK3856,PC-9251,Logoff
{A1H5-F1RO87VA-9603HCLL},01/04/2010 16:55:00,SAP1888,PC-7894,Logoff
{Z0R4-E0IG40TN-8974HEER},01/04/2010 09:13:00,SCC0067,PC-3490,Logon
{C8X0-N7PN69KS-7804CBTR},01/05/2010 08:07:00,CCB3943,PC-5648,Logon
{C8H0-X0QC94HI-7151QMZV},01/05/2010 07:58:00,TAM3048,PC-9889,Logon
{Q1D9-D1UR31FL-7728MLWM},01/05/2010 16:38:00,WAW0422,PC-6986,Logoff
{Q4W7-V9VY67AD-5647QLKS},01/05/2010 08:01:00,LFB1624,PC-5668,Logon
{Z2J7-D1YC86BZ-7145YBOU},01/04/2010 16:29:00,SNV2423,PC-1405,Logoff
{W8S0-K7MF86GE-4162GHHF},01/05/2010 07:30:00,JAM1676,PC-2642,Logon
{A3N0-B7GR57BZ-5819EEWE},01/04/2010 16:56:00,NUK1513,PC-8913,Logoff
{C1K3-H7UR07OC-5412DGQN},01/05/2010 07:48:00,KSP1288,PC-1601,Logon
{M8A0-B9MB33NN-2719GLDK},01/04/2010 17:02:23,EUC1051,PC-0113,Logon
{H7E0-U6WE26GM-6356YXAM},01/05/2010 16:53:00,MPG1307,PC-2663,Logoff
{P3N2-J2BG85RW-7116MFCM},01/05/2010 07:54:00,NIM1630,PC-2957,Logon
{B0T6-R4FF29FR-0751FMSN},01/04/2010 07:51:00,MCW0674,PC-3018,Logon
{U6K3-P3LT48WZ-7503SKKZ},01/04/2010 17:35:00,CTM1961,PC-4632,Logoff
{F4R4-R7UC12KT-9124PHTZ},01/02/2010 07:58:00,HCS2231,PC-0563,Logon
{X6P8-G7WG19KP-0933TGHB},01/04/2010 11:03:57,SIW2528,PC-1369,Logoff
{F8A1-Y8LG73IT-0594DKEM},01/05/2010 07:46:00,PAA2738,PC-3401,Logon
{D1S5-H7VQ88NO-0389MQQE},01/05/2010 08:30:00,VON3443,PC-2976,Logon
{J7L7-I2VJ86HM-0198OOJE},01/04/2010 15:56:00,IRS1337,PC-1290,Logoff
{M1R3-A8LU59BY-0189WNRX},01/04/2010 07:09:00,VAR3559,PC-3524,Logon
{N9Z0-B7ZW85ET-2028PQKJ},01/05/2010 12:09:18,SJW3131,PC-6021,Logon
{G7C4-J3WZ47JU-4025TWEV},01/04/2010 11:47:44,CHA3190,PC-1919,Logon
{J2A4-J8JE27JH-0212QHLL},01/05/2010 08:57:00,LLS0222,PC-9676,Logon
{T5D1-A2TY95ZU-2779OQJY},01/04/2010 07:36:00,DNB1999,PC-1294,Logon
{P4Z6-Q0DT50TR-3116TRSS},01/04/2010 18:38:00,BFR3250,PC-8315,Logoff
{L4P7-F0QG70GQ-0776XYXX},01/04/2010 08:02:00,TAC3425,PC-7247,Logon
{H6G3-Q0HH05PX-0687GCXV},01/05/2010 08:01:00,AGL1301,PC-7902,Logon
{K9C0-C9EX71FW-5568SBMO},01/05/2010 13:23:52,JJS3884,PC-4155,Logon
{D6W0-D4WT42XK-9774IRPO},01/04/2010 18:04:00,BPN3051,PC-1310,Logoff
{W0O0-Z9FR08VR-7642NFMR},01/04/2010 08:19:00,AKG2702,PC-1553,Logon
{E6B6-O0AK09TR-9890SQLB},01/04/2010 08:43:00,NNP0229,PC-8863,Logon
{O6K5-I7XB36BB-9162MAWZ},01/05/2010 14:50:26,BLS1973,PC-9680,Logon
{T3Y8-O9SY85RU-3553MSUU},01/04/2010 13:18:11,GMF1213,PC-6713,Logon
{J8F5-E7NL78CJ-9811ZBVK},01/05/2010 08:47:00,TJD0106,PC-6916,Logon
{S0A1-D4IU96IF-6029LGWK},01/04/2010 13:03:28,CAM1323,PC-4428,Logon
{X1I2-D9FP34MF-9755XVFA},01/02/2010 14:03:32,AAS3428,PC-2084,Logon
{M1V9-Q3BF18HU-6771UHZO},01/03/2010 12:36:53,WBH1861,PC-8987,Logon
{J6I2-K6XA44IV-4769BQGI},01/05/2010 07:45:00,OAG1468,PC-6840,Logon
{H7D5-Q2ZQ34CO-3407ZGTA},01/05/2010 06:58:00,GGM3737,PC-2531,Logon
{I2R6-Q7DZ56HH-9188HWJK},01/04/2010 18:04:00,LTO2217,PC-3577,Logoff
{J0U8-K3EP76XO-6221ZAYX},01/05/2010 07:17:00,RAA3570,PC-4760,Logon
{G9Y3-Q1VQ48WB-7264MLXN},01/02/2010 13:23:27,REM0580,PC-6092,Logon
{K9S0-L6KL27NG-6483ZDHR},01/05/2010 07:08:00,CAR0928,PC-1554,Logon
{H0G6-P3CS80VB-2862KVCS},01/04/2010 18:26:00,SAR2066,PC-0983,Logoff
{O3B8-L5LQ86TW-1640GHTQ},01/05/2010 07:49:00,HJV1586,PC-2359,Logon
{Y2K9-S6UP11ML-1602FLLL},01/05/2010 12:26:24,BWA2593,PC-5220,Logon
{V9T9-U7QP85FC-9788EYWU},01/05/2010 15:30:00,JNW2037,PC-1854,Logoff
{Z5B1-C3RL04OF-1211FBPF},01/05/2010 16:50:00,SCC1896,PC-3791,Logoff
{O2Y9-V6BB83QF-5919YKSY},01/04/2010 08:31:00,LSM0408,PC-6214,Logon
{P4X6-R1KS88XA-7209PDXT},01/05/2010 16:20:00,CBD3251,PC-8237,Logoff
{F0W3-X3RM43SY-5657TLFK},01/04/2010 17:31:00,GIT2266,PC-2581,Logoff
{Z6G7-H2AY90NM-4360QJHC},01/05/2010 16:52:00,BXN0660,PC-8011,Logoff
{R9M5-B2RJ98LY-1909BQPY},01/02/2010 16:25:00,HSH3606,PC-7090,Logoff
{X4K6-V7ET00VS-3595NKGF},01/04/2010 07:58:35,LRM1362,PC-1994,Logon
{Y1Z3-O6IR76UI-0806XWLS},01/04/2010 07:41:00,GCL1782,PC-8259,Logon
{J2Y9-K8FJ90WM-8106AXGW},01/04/2010 18:44:00,AGF1810,PC-0973,Logoff
{T8Q5-T4CM96LM-4614JIXY},01/04/2010 08:35:00,PLH0411,PC-3189,Logon
{J1V5-G7OG04OM-3897WDDN},01/04/2010 17:13:00,GUC3945,PC-3286,Logoff
{R5U0-R6EJ32BA-9664QBOB},01/04/2010 16:26:00,DHG0533,PC-3728,Logoff
{S1P7-W4TU86HB-4125ABIW},01/05/2010 16:05:00,BJA1137,PC-9000,Logoff
{N0T3-W7XU73PO-9808TWXL},01/05/2010 15:40:00,ATT0293,PC-2385,Logoff
{X3K2-X2MB82VT-3279BYIO},01/04/2010 18:10:00,SGV2780,PC-1287,Logoff
{E0L1-F0NB41XF-4518GJOB},01/05/2010 16:45:00,AEP1930,PC-1915,Logoff
{N7U7-R8VX43LR-5717CUPD},01/04/2010 16:17:00,MOW1104,PC-9626,Logoff
{L2M5-M1RJ39NL-6446YXRE},01/05/2010 15:14:00,NHY0685,PC-9115,Logoff
{E3Z7-X3BU39ND-9052RHVH},01/04/2010 16:29:00,KSM1772,PC-7881,Logoff
{W2H1-E9KC70AO-2305DXBG},01/04/2010 07:18:00,RDB0702,PC-2008,Logon
{I9W0-P5FT22CW-9209YKNH},01/04/2010 14:24:26,TAP1086,PC-8201,Logon
{M7D9-T9JV56BT-5571OJVF},01/04/2010 07:29:00,HPR2023,PC-1304,Logon
{Y7E8-W0JY13LX-6438RWRD},01/04/2010 14:41:51,PKB2483,PC-0026,Logon
{J8F2-C7DW30TC-4147VAIG},01/04/2010 15:54:00,SHC1585,PC-9075,Logoff
{E1P6-G3UF04JU-9710GQEQ},01/04/2010 13:35:53,CET3786,PC-8279,Logon
{T9D8-M2RL13MM-0701MNIT},01/05/2010 17:12:00,MLF2319,PC-8496,Logoff
{H1E6-G0NK89US-2612XQCG},01/04/2010 08:13:00,IWB3257,PC-0853,Logon
{M3G3-W7GN68PO-7472DFBH},01/04/2010 05:03:54,WBM1045,PC-7030,Logon
{X9P9-A4CK11IY-0028OXJX},01/02/2010 17:25:00,NDK3436,PC-9671,Logoff
{S4H4-X7ZF04GZ-5111FLRY},01/04/2010 07:54:00,SIW2528,PC-6711,Logon
{M6T4-P3GN26EA-3214XXCQ},01/05/2010 16:00:00,JZM1335,PC-2811,Logoff
{T5D0-R2NI62JZ-0429RKUM},01/04/2010 18:05:00,IRO0822,PC-7915,Logoff
{S0W9-S8HS57HM-0311KNHD},01/02/2010 11:31:44,KBP0384,PC-5760,Logoff
{D6D3-F1QM21DX-3860VPXV},01/05/2010 16:22:00,KAC2449,PC-1140,Logoff
{X9C5-O9SA43ZJ-0010GQFD},01/04/2010 07:12:00,NQO2712,PC-0856,Logon
